name,kwd,col_3a,col_3b,col_3c
1,favorite,12,11,38
1,朝(morning),18,9,16
1,昼(midday),16,15,14
1,夕(sunset),80,113,81
1,夜(night),143,113,101
1,春(spring),12,1,15
1,夏(summer),47,51,50
1,秋(autumn),82,94,105
1,冬(winter),22,21,26
1,愛らしい,0,0,0
1,楽しい,0,0,0
1,豪華な,0,0,0
1,素朴な,0,0,0
1,味わい深い,0,0,0
1,格調のある,0,0,0
1,優雅な,0,0,0
1,気品のある,0,0,0
1,合理的な,0,0,0
1,nation,,,
1,hometown,,,
2,favorite,25,156,13
2,朝(morning),22,15,18
2,昼(midday),31,20,47
2,夕(sunset),66,55,70
2,夜(night),156,140,114
2,春(spring),25,33,44
2,夏(summer),31,59,60
2,秋(autumn),68,66,94
2,冬(winter),13,21,62
2,愛らしい,25,24,23
2,楽しい,5,54,13
2,豪華な,13,5,78
2,素朴な,13,156,78
2,味わい深い,132,145,105
2,調のある,66,54,30
2,優雅な,21,34,20
2,気品のある,13,5,57
2,合理的な,53,62,57
2,nation,,,
2,hometown,,,
3,favorite,76,77,47
3,朝(morning),70,44,40
3,昼(midday),55,68,70
3,夕(sunset),67,79,105
3,夜(night),114,153,156
3,春(spring),57,15,27
3,夏(summer),34,22,62
3,秋(autumn),79,105,120
3,冬(winter),13,10,8
3,愛らしい,1,14,27
3,楽しい,18,31,44
3,豪華な,89,77,92
3,素朴な,1,2,3
3,味わい深い,53,66,79
3,調のある,92,105,118
3,優雅な,21,34,47
3,気品のある,128,141,154
3,合理的な,88,101,114
3,nation,,,
3,hometown,,,
4,favorite,25,26,12
4,朝(morning),21,4,35
4,昼(midday),34,33,66
4,夕(sunset),67,37,42
4,夜(night),153,70,62
4,春(spring),25,20,21
4,夏(summer),66,88,13
4,秋(autumn),93,54,2
4,冬(winter),35,13,26
4,愛らしい,51,1,5
4,楽しい,67,58,57
4,豪華な,92,69,144
4,素朴な,9,3,39
4,味わい深い,106,137,94
4,調のある,118,82,13
4,優雅な,89,92,105
4,気品のある,50,105,70
4,合理的な,78,126,139
4,nation,,,
4,hometown,,,
5,favorite,24,92,156
5,朝(morning),66,21,18
5,昼(midday),54,14,40
5,夕(sunset),67,53,92
5,夜(night),75,57,18
5,春(spring),38,54,40
5,夏(summer),61,75,47
5,秋(autumn),92,106,121
5,冬(winter),13,111,79
5,愛らしい,66,77,67
5,楽しい,67,40,43
5,豪華な,44,68,79
5,素朴な,26,16,65
5,味わい深い,66,40,28
5,調のある,70,54,56
5,優雅な,105,115,111
5,気品のある,141,105,44
5,合理的な,85,20,33
5,nation,,,
5,hometown,,,
6,favorite,25,21,64
6,朝(morning),28,18,20
6,昼(midday),54,57,53
6,夕(sunset),68,94,40
6,夜(night),127,153,156
6,春(spring),25,21,18
6,夏(summer),34,54,72
6,秋(autumn),70,106,105
6,冬(winter),113,102,86
6,愛らしい,66,77,70
6,楽しい,70,67,66
6,豪華な,66,89,77
6,素朴な,132,124,59
6,味わい深い,57,69,118
6,調のある,66,75,70
6,優雅な,64,63,74
6,気品のある,90,76,40
6,合理的な,73,72,70
6,nation,,,
6,hometown,,,
7,favorite,22,11,13
7,朝(morning),48,26,42
7,昼(midday),21,8,0
7,夕(sunset),105,54,43
7,夜(night),153,143,18
7,春(spring),17,20,7
7,夏(summer),34,27,3
7,秋(autumn),107,55,150
7,冬(winter),75,86,13
7,愛らしい,25,24,12
7,楽しい,70,55,28
7,豪華な,156,88,53
7,素朴な,26,78,14
7,味わい深い,142,115,118
7,調のある,92,70,115
7,優雅な,89,114,103
7,気品のある,13,49,37
7,合理的な,13,20,22
7,nation,,,
7,hometown,,,
8,favorite,26,75,98
8,朝(morning),14,13,8
8,昼(midday),60,66,46
8,夕(sunset),37,67,38
8,夜(night),140,156,127
8,春(spring),12,21,5
8,夏(summer),73,66,70
8,秋(autumn),93,96,116
8,冬(winter),114,128,13
8,愛らしい,0,0,0
8,楽しい,0,0,0
8,豪華な,0,0,0
8,素朴な,0,0,0
8,味わい深い,0,0,0
8,調のある,0,0,0
8,優雅な,0,0,0
8,気品のある,0,0,0
8,合理的な,0,0,0
8,nation,0,,
8,hometown,,,
9,favorite,87,22,8
9,朝(morning),53,55,74
9,昼(midday),70,68,40
9,夕(sunset),68,69,79
9,夜(night),102,103,104
9,春(spring),25,7,18
9,夏(summer),47,55,62
9,秋(autumn),54,79,119
9,冬(winter),61,13,34
9,愛らしい,25,14,51
9,楽しい,54,70,53
9,豪華な,37,18,25
9,素朴な,39,113,13
9,味わい深い,124,94,92
9,調のある,17,11,31
9,優雅な,44,85,24
9,気品のある,4,24,13
9,合理的な,40,14,71
9,nation,,,
9,hometown,,,
10,favorite,14,112,65
10,朝(morning),41,34,44
10,昼(midday),54,13,27
10,夕(sunset),55,23,62
10,夜(night),113,44,156
10,春(spring),14,41,33
10,夏(summer),47,67,53
10,秋(autumn),93,122,108
10,冬(winter),86,26,15
10,愛らしい,0,0,0
10,楽しい,0,0,0
10,豪華な,0,0,0
10,素朴な,0,0,0
10,味わい深い,0,0,0
10,調のある,0,0,0
10,優雅な,0,0,0
10,気品のある,0,0,0
10,合理的な,0,0,0
10,nation,,,
10,hometown,,,
11,favorite,50,60,72
11,朝(morning),70,71,47
11,昼(midday),40,98,75
11,夕(sunset),101,89,93
11,夜(night),130,141,148
11,春(spring),66,72,70
11,夏(summer),73,72,79
11,秋(autumn),68,61,124
11,冬(winter),99,75,66
11,愛らしい,42,60,27
11,楽しい,77,74,58
11,豪華な,70,76,66
11,素朴な,65,51,31
11,味わい深い,86,50,53
11,調のある,68,60,64
11,優雅な,89,84,90
11,気品のある,66,77,70
11,合理的な,88,58,81
11,nation,,,
11,hometown,,,
12,favorite,31,20,35
12,朝(morning),40,67,22
12,昼(midday),44,34,73
12,夕(sunset),55,67,24
12,夜(night),127,128,156
12,春(spring),25,18,32
12,夏(summer),47,56,84
12,秋(autumn),81,105,95
12,冬(winter),49,36,114
12,愛らしい,38,27,14
12,楽しい,55,70,71
12,豪華な,105,140,141
12,素朴な,26,107,156
12,味わい深い,123,133,116
12,調のある,67,74,70
12,優雅な,115,37,97
12,気品のある,127,116,156
12,合理的な,88,48,71
12,nation,,,
12,hometown,,,
13,favorite,40,41,30
13,朝(morning),29,21,5
13,昼(midday),41,34,33
13,夕(sunset),23,25,27
13,夜(night),114,101,67
13,春(spring),33,25,31
13,夏(summer),74,70,9
13,秋(autumn),105,95,94
13,冬(winter),140,93,13
13,愛らしい,0,0,0
13,楽しい,0,0,0
13,豪華な,0,0,0
13,素朴な,0,0,0
13,味わい深い,0,0,0
13,調のある,0,0,0
13,優雅な,0,0,0
13,気品のある,0,0,0
13,合理的な,0,0,0
13,nation,,,
13,hometown,,,
14,favorite,60,55,71
14,朝(morning),15,53,34
14,昼(midday),57,56,68
14,夕(sunset),67,68,80
14,夜(night),114,128,156
14,春(spring),38,51,20
14,夏(summer),73,10,74
14,秋(autumn),68,66,70
14,冬(winter),9,13,23
14,愛らしい,64,38,25
14,楽しい,68,57,40
14,豪華な,66,83,156
14,素朴な,17,30,13
14,味わい深い,82,69,31
14,調のある,70,13,75
14,優雅な,13,50,70
14,気品のある,62,13,73
14,合理的な,74,75,13
14,nation,,,
14,hometown,,,
15,favorite,92,48,97
15,朝(morning),21,48,31
15,昼(midday),68,74,73
15,夕(sunset),40,54,56
15,夜(night),114,70,156
15,春(spring),25,18,24
15,夏(summer),60,70,72
15,秋(autumn),93,94,95
15,冬(winter),99,101,90
15,愛らしい,0,0,0
15,楽しい,0,0,0
15,豪華な,0,0,0
15,素朴な,0,0,0
15,味わい深い,0,0,0
15,調のある,0,0,0
15,優雅な,0,0,0
15,気品のある,0,0,0
15,合理的な,0,0,0
15,nation,,,
15,hometown,,,
16,favorite,25,24,23
16,朝(morning),21,26,16
16,昼(midday),47,15,30
16,夕(sunset),54,24,107
16,夜(night),156,153,70
16,春(spring),25,31,20
16,夏(summer),67,60,57
16,秋(autumn),80,97,119
16,冬(winter),21,13,26
16,愛らしい,25,18,14
16,楽しい,55,57,59
16,豪華な,79,82,156
16,素朴な,16,123,97
16,味わい深い,119,80,145
16,調のある,11,156,143
16,優雅な,13,11,12
16,気品のある,11,13,3
16,合理的な,23,110,42
16,nation,,,
16,hometown,,,
17,favorite,13,156,48
17,朝(morning),21,31,42
17,昼(midday),45,128,54
17,夕(sunset),80,68,69
17,夜(night),140,141,57
17,春(spring),25,18,19
17,夏(summer),70,54,61
17,秋(autumn),94,96,121
17,冬(winter),100,126,13
17,愛らしい,25,51,64
17,楽しい,57,47,41
17,豪華な,125,116,102
17,素朴な,122,95,135
17,味わい深い,44,67,66
17,調のある,83,85,68
17,優雅な,138,50,42
17,気品のある,116,115,13
17,合理的な,119,124,138
17,nation,,,
17,hometown,,,
18,favorite,67,92,114
18,朝(morning),44,55,28
18,昼(midday),67,66,70
18,夕(sunset),68,115,67
18,夜(night),156,141,57
18,春(spring),57,25,45
18,夏(summer),35,75,67
18,秋(autumn),94,108,81
18,冬(winter),13,8,130
18,愛らしい,69,57,51
18,楽しい,96,56,57
18,豪華な,103,66,77
18,素朴な,82,121,96
18,味わい深い,64,41,130
18,調のある,64,116,130
18,優雅な,53,103,77
18,気品のある,89,49,64
18,合理的な,53,75,70
18,nation,,,
18,hometown,,,
19,favorite,62,48,13
19,朝(morning),27,31,20
19,昼(midday),55,40,33
19,夕(sunset),92,80,81
19,夜(night),130,140,70
19,春(spring),25,18,7
19,夏(summer),42,60,0
19,秋(autumn),107,105,117
19,冬(winter),127,100,13
19,愛らしい,51,40,12
19,楽しい,41,57,53
19,豪華な,90,102,105
19,素朴な,123,122,96
19,味わい深い,30,81,93
19,調のある,79,130,80
19,優雅な,90,112,13
19,気品のある,116,128,103
19,合理的な,156,13,52
19,nation,,,
19,hometown,,,
20,favorite,35,39,24
20,朝(morning),15,22,17
20,昼(midday),61,31,35
20,夕(sunset),28,55,24
20,夜(night),127,139,126
20,春(spring),1,12,38
20,夏(summer),48,57,73
20,秋(autumn),120,82,56
20,冬(winter),127,140,13
20,愛らしい,12,25,38
20,楽しい,18,31,44
20,豪華な,31,95,108
20,素朴な,126,122,134
20,味わい深い,95,80,68
20,調のある,137,142,133
20,優雅な,70,150,133
20,気品のある,119,137,141
20,合理的な,5,17,19
20,nation,,,
20,hometown,,,
21,favorite,63,55,36
21,朝(morning),53,54,22
21,昼(midday),48,56,72
21,夕(sunset),68,56,53
21,夜(night),140,70,156
21,春(spring),28,14,25
21,夏(summer),61,66,72
21,秋(autumn),81,79,67
21,冬(winter),13,22,36
21,愛らしい,53,38,31
21,楽しい,53,57,54
21,豪華な,26,57,66
21,素朴な,8,15,19
21,味わい深い,67,79,69
21,調のある,42,32,27
21,優雅な,24,31,23
21,気品のある,50,23,30
21,合理的な,43,53,54
21,nation,,,
21,hometown,,,
22,favorite,25,24,23
22,朝(morning),40,41,42
22,昼(midday),66,67,68
22,夕(sunset),146,107,94
22,夜(night),153,127,117
22,春(spring),77,51,25
22,夏(summer),66,40,28
22,秋(autumn),149,119,92
22,冬(winter),101,100,115
22,愛らしい,77,51,25
22,楽しい,67,44,29
22,豪華な,66,70,67
22,素朴な,143,153,150
22,味わい深い,150,153,144
22,調のある,79,81,32
22,優雅な,24,22,23
22,気品のある,84,83,81
22,合理的な,90,42,53
22,nation,,,
22,hometown,,,
23,favorite,51,60,80
23,朝(morning),21,46,31
23,昼(midday),66,75,98
23,夕(sunset),67,39,55
23,夜(night),128,140,156
23,春(spring),38,21,33
23,夏(summer),75,85,53
23,秋(autumn),81,92,80
23,冬(winter),13,113,99
23,愛らしい,25,51,90
23,楽しい,57,46,47
23,豪華な,105,93,66
23,素朴な,30,17,6
23,味わい深い,93,92,80
23,調のある,92,117,114
23,優雅な,131,124,127
23,気品のある,131,137,140
23,合理的な,111,88,54
23,nation,,,
23,hometown,,,
24,favorite,27,113,129
24,朝(morning),29,17,8
24,昼(midday),69,60,68
24,夕(sunset),108,81,94
24,夜(night),113,138,141
24,春(spring),38,25,24
24,夏(summer),56,60,73
24,秋(autumn),139,94,129
24,冬(winter),13,156,149
24,愛らしい,51,77,90
24,楽しい,55,54,42
24,豪華な,63,89,116
24,素朴な,15,1,30
24,味わい深い,55,80,68
24,調のある,116,140,127
24,優雅な,116,103,141
24,気品のある,113,114,127
24,合理的な,71,85,72
24,nation,,,
24,hometown,,,
25,favorite,71,56,40
25,朝(morning),69,68,54
25,昼(midday),21,35,18
25,夕(sunset),67,79,66
25,夜(night),101,113,125
25,春(spring),27,33,70
25,夏(summer),70,67,62
25,秋(autumn),80,111,92
25,冬(winter),140,128,104
25,愛らしい,40,69,38
25,楽しい,68,70,69
25,豪華な,56,4,17
25,素朴な,19,22,18
25,味わい深い,111,97,96
25,調のある,84,69,81
25,優雅な,50,38,48
25,気品のある,15,18,22
25,合理的な,29,32,25
25,nation,,,
25,hometown,,,
26,favorite,47,13,93
26,朝(morning),69,32,18
26,昼(midday),35,70,54
26,夕(sunset),103,81,0
26,夜(night),156,70,114
26,春(spring),22,21,12
26,夏(summer),79,85,88
26,秋(autumn),95,108,94
26,冬(winter),13,39,127
26,愛らしい,25,12,1
26,楽しい,67,71,66
26,豪華な,102,89,57
26,素朴な,109,121,95
26,味わい深い,125,123,139
26,調のある,128,83,39
26,優雅な,22,23,0
26,気品のある,115,128,156
26,合理的な,101,86,0
26,nation,,,
26,hometown,,,
27,favorite,156,126,77
27,朝(morning),17,9,8
27,昼(midday),21,31,3
27,夕(sunset),67,68,14
27,夜(night),140,143,139
27,春(spring),12,8,5
27,夏(summer),55,47,70
27,秋(autumn),81,94,119
27,冬(winter),13,49,142
27,愛らしい,0,0,0
27,楽しい,0,0,0
27,豪華な,0,0,0
27,素朴な,0,0,0
27,味わい深い,0,0,0
27,調のある,0,0,0
27,優雅な,0,0,0
27,気品のある,0,0,0
27,合理的な,0,0,0
27,nation,,,
27,hometown,,,
28,favorite,21,24,25
28,朝(morning),56,17,15
28,昼(midday),43,41,57
28,夕(sunset),80,66,81
28,夜(night),156,141,140
28,春(spring),88,29,28
28,夏(summer),60,66,48
28,秋(autumn),119,87,106
28,冬(winter),101,87,21
28,愛らしい,12,25,42
28,楽しい,28,29,42
28,豪華な,2,102,76
28,素朴な,2,3,5
28,味わい深い,105,118,131
28,調のある,102,115,141
28,優雅な,105,128,141
28,気品のある,30,43,69
28,合理的な,53,54,55
28,nation,,,
28,hometown,,,
29,favorite,12,11,9
29,朝(morning),9,2,6
29,昼(midday),3,1,13
29,夕(sunset),5,12,9
29,夜(night),36,49,140
29,春(spring),5,1,12
29,夏(summer),7,20,21
29,秋(autumn),150,133,107
29,冬(winter),13,9,8
29,愛らしい,0,0,0
29,楽しい,0,0,0
29,豪華な,0,0,0
29,素朴な,0,0,0
29,味わい深い,0,0,0
29,調のある,0,0,0
29,優雅な,0,0,0
29,気品のある,0,0,0
29,合理的な,0,0,0
29,nation,,,
29,hometown,,,
30,favorite,125,124,105
30,朝(morning),68,44,43
30,昼(midday),68,42,43
30,夕(sunset),81,100,55
30,夜(night),114,130,44
30,春(spring),45,25,18
30,夏(summer),61,57,59
30,秋(autumn),120,118,95
30,冬(winter),114,100,0
30,愛らしい,64,66,63
30,楽しい,55,57,60
30,豪華な,92,79,106
30,素朴な,110,106,0
30,味わい深い,120,121,96
30,調のある,114,83,98
30,優雅な,105,95,0
30,気品のある,91,112,96
30,合理的な,124,66,0
30,nation,,,
30,hometown,,,
31,favorite,31,34,40
31,朝(morning),21,7,5
31,昼(midday),54,73,71
31,夕(sunset),29,53,48
31,夜(night),114,113,130
31,春(spring),12,19,18
31,夏(summer),13,41,66
31,秋(autumn),81,93,123
31,冬(winter),87,79,13
31,愛らしい,25,27,51
31,楽しい,44,33,67
31,豪華な,66,88,156
31,素朴な,9,5,2
31,味わい深い,81,137,104
31,調のある,92,119,98
31,優雅な,103,112,31
31,気品のある,102,79,13
31,合理的な,137,126,156
31,nation,,,
31,hometown,,,
32,favorite,11,13,156
32,朝(morning),2,3,9
32,昼(midday),16,15,21
32,夕(sunset),0,0,0
32,夜(night),0,0,0
32,春(spring),12,2,0
32,夏(summer),13,7,8
32,秋(autumn),106,93,118
32,冬(winter),13,52,156
32,愛らしい,25,16,15
32,楽しい,29,30,14
32,豪華な,53,64,79
32,素朴な,0,26,39
32,味わい深い,95,93,81
32,調のある,88,89,98
32,優雅な,103,79,114
32,気品のある,76,116,88
32,合理的な,0,156,78
32,nation,,,
32,hometown,,,
33,favorite,24,26,66
33,朝(morning),31,17,28
33,昼(midday),67,68,69
33,夕(sunset),55,41,54
33,夜(night),156,154,140
33,春(spring),18,12,15
33,夏(summer),47,57,21
33,秋(autumn),120,118,108
33,冬(winter),100,104,140
33,愛らしい,38,24,50
33,楽しい,68,42,40
33,豪華な,57,31,4
33,素朴な,134,108,149
33,味わい深い,123,106,126
33,調のある,67,40,57
33,優雅な,17,28,84
33,気品のある,44,18,13
33,合理的な,74,101,130
33,nation,,,
33,hometown,,,
34,favorite,140,92,143
34,朝(morning),17,42,30
34,昼(midday),44,26,61
34,夕(sunset),67,42,153
34,夜(night),153,143,104
34,春(spring),27,43,46
34,夏(summer),86,79,70
34,秋(autumn),118,92,119
34,冬(winter),151,22,13
34,愛らしい,40,41,38
34,楽しい,60,57,66
34,豪華な,103,114,142
34,素朴な,104,81,125
34,味わい深い,96,13,63
34,調のある,50,88,0
34,優雅な,26,78,87
34,気品のある,63,99,118
34,合理的な,156,0,118
34,nation,,,
34,hometown,,,
35,favorite,77,54,75
35,朝(morning),40,44,21
35,昼(midday),67,70,73
35,夕(sunset),80,79,67
35,夜(night),140,100,104
35,春(spring),25,33,18
35,夏(summer),67,66,60
35,秋(autumn),81,106,67
35,冬(winter),22,34,49
35,愛らしい,18,25,51
35,楽しい,66,68,70
35,豪華な,70,76,66
35,素朴な,18,17,15
35,味わい深い,87,89,90
35,調のある,115,76,83
35,優雅な,25,10,24
35,気品のある,88,13,83
35,合理的な,66,70,75
35,nation,,,
35,hometown,,,
36,favorite,25,44,47
36,朝(morning),47,53,59
36,昼(midday),72,75,66
36,夕(sunset),67,79,53
36,夜(night),127,150,156
36,春(spring),14,44,34
36,夏(summer),79,74,88
36,秋(autumn),80,93,92
36,冬(winter),101,13,61
36,愛らしい,12,28,18
36,楽しい,70,67,66
36,豪華な,90,101,156
36,素朴な,91,109,112
36,味わい深い,88,156,67
36,調のある,80,79,156
36,優雅な,73,90,13
36,気品のある,70,88,90
36,合理的な,72,111,99
36,nation,,,
36,hometown,,,
37,favorite,35,23,7
37,朝(morning),29,30,32
37,昼(midday),44,55,54
37,夕(sunset),80,68,69
37,夜(night),89,102,103
37,春(spring),25,64,40
37,夏(summer),60,59,57
37,秋(autumn),93,81,69
37,冬(winter),100,114,115
37,愛らしい,77,64,25
37,楽しい,57,45,54
37,豪華な,66,77,89
37,素朴な,52,117,143
37,味わい深い,28,30,40
37,調のある,33,21,23
37,優雅な,79,102,103
37,気品のある,50,51,99
37,合理的な,66,70,90
37,nation,,,
37,hometown,,,
38,favorite,21,25,24
38,朝(morning),18,8,13
38,昼(midday),17,31,34
38,夕(sunset),55,70,67
38,夜(night),114,87,70
38,春(spring),38,25,7
38,夏(summer),85,33,49
38,秋(autumn),55,70,121
38,冬(winter),101,99,0
38,愛らしい,25,12,0
38,楽しい,69,30,57
38,豪華な,118,70,133
38,素朴な,133,137,91
38,味わい深い,106,94,82
38,調のある,43,70,23
38,優雅な,49,48,21
38,気品のある,115,116,24
38,合理的な,156,78,0
38,nation,,,
38,hometown,,,
39,favorite,139,33,125
39,朝(morning),7,8,1
39,昼(midday),31,43,20
39,夕(sunset),111,138,91
39,夜(night),156,133,152
39,春(spring),25,18,20
39,夏(summer),98,86,68
39,秋(autumn),81,92,137
39,冬(winter),13,34,29
39,愛らしい,38,27,40
39,楽しい,70,33,47
39,豪華な,95,118,13
39,素朴な,112,136,122
39,味わい深い,136,96,95
39,調のある,83,105,82
39,優雅な,35,32,31
39,気品のある,83,82,119
39,合理的な,37,33,34
39,nation,,,
39,hometown,,,
40,favorite,53,41,34
40,朝(morning),42,79,21
40,昼(midday),79,13,101
40,夕(sunset),105,79,80
40,夜(night),153,44,147
40,春(spring),12,85,44
40,夏(summer),100,61,13
40,秋(autumn),105,120,83
40,冬(winter),26,79,111
40,愛らしい,12,14,15
40,楽しい,66,67,70
40,豪華な,118,129,128
40,素朴な,13,156,78
40,味わい深い,93,140,137
40,調のある,118,137,141
40,優雅な,54,48,69
40,気品のある,150,153,156
40,合理的な,156,78,13
40,nation,,,
40,hometown,,,
41,favorite,35,25,24
41,朝(morning),14,1,17
41,昼(midday),18,17,15
41,夕(sunset),69,67,68
41,夜(night),101,102,87
41,春(spring),14,25,51
41,夏(summer),34,33,60
41,秋(autumn),54,55,53
41,冬(winter),105,107,99
41,愛らしい,25,1,27
41,楽しい,53,68,57
41,豪華な,66,73,72
41,素朴な,2,6,11
41,味わい深い,66,70,72
41,調のある,70,72,59
41,優雅な,77,76,64
41,気品のある,38,64,50
41,合理的な,156,130,129
41,nation,,,
41,hometown,,,
42,favorite,31,35,32
42,朝(morning),8,1,6
42,昼(midday),35,17,21
42,夕(sunset),41,14,12
42,夜(night),153,18,126
42,春(spring),12,25,16
42,夏(summer),44,60,54
42,秋(autumn),69,80,92
42,冬(winter),140,13,22
42,愛らしい,25,27,12
42,楽しい,42,44,31
42,豪華な,90,50,70
42,素朴な,26,9,11
42,味わい深い,116,103,128
42,調のある,70,69,102
42,優雅な,88,70,13
42,気品のある,9,12,18
42,合理的な,48,36,10
42,nation,,,
42,hometown,,,
45,favorite,99,54,127
45,朝(morning),4,8,9
45,昼(midday),31,98,74
45,夕(sunset),80,115,81
45,夜(night),67,153,130
45,春(spring),25,21,20
45,夏(summer),67,61,43
45,秋(autumn),66,106,82
45,冬(winter),26,8,152
45,愛らしい,11,5,12
45,楽しい,70,55,75
45,豪華な,77,140,103
45,素朴な,32,15,17
45,味わい深い,53,0,0
45,調のある,53,57,105
45,優雅な,48,101,10
45,気品のある,127,1,3
45,合理的な,35,127,22
45,nation,,,
45,hometown,,,
46,favorite,36,54,20
46,朝(morning),8,21,18
46,昼(midday),34,42,70
46,夕(sunset),81,69,92
46,夜(night),115,127,91
46,春(spring),25,17,34
46,夏(summer),45,67,73
46,秋(autumn),66,81,116
46,冬(winter),39,125,143
46,愛らしい,18,8,14
46,楽しい,14,34,28
46,豪華な,63,70,77
46,素朴な,4,7,6
46,味わい深い,103,96,94
46,調のある,76,52,117
46,優雅な,24,12,115
46,気品のある,5,37,76
46,合理的な,9,114,74
46,nation,,,
46,hometown,,,
47,favorite,86,48,103
47,朝(morning),21,29,1
47,昼(midday),17,19,21
47,夕(sunset),128,92,67
47,夜(night),153,127,82
47,春(spring),12,14,19
47,夏(summer),7,47,42
47,秋(autumn),118,93,82
47,冬(winter),8,13,26
47,愛らしい,0,0,0
47,楽しい,0,0,0
47,豪華な,0,0,0
47,素朴な,0,0,0
47,味わい深い,0,0,0
47,調のある,0,0,0
47,優雅な,0,0,0
47,気品のある,0,0,0
47,合理的な,0,0,0
47,nation,,,
47,hometown,,,
48,favorite,44,13,156
48,朝(morning),40,57,60
48,昼(midday),13,60,31
48,夕(sunset),42,68,119
48,夜(night),143,141,153
48,春(spring),12,25,1
48,夏(summer),73,44,62
48,秋(autumn),107,94,137
48,冬(winter),13,8,21
48,愛らしい,11,12,25
48,楽しい,44,20,21
48,豪華な,56,70,13
48,素朴な,134,132,147
48,味わい深い,136,118,135
48,調のある,137,126,148
48,優雅な,20,15,8
48,気品のある,11,18,24
48,合理的な,67,56,97
48,nation,,,
48,hometown,,,
49,favorite,20,21,14
49,朝(morning),43,41,47
49,昼(midday),70,68,69
49,夕(sunset),68,80,92
49,夜(night),156,115,114
49,春(spring),14,33,25
49,夏(summer),70,66,75
49,秋(autumn),94,54,82
49,冬(winter),10,13,140
49,愛らしい,12,22,18
49,楽しい,57,55,53
49,豪華な,63,53,44
49,素朴な,13,26,133
49,味わい深い,0,0,0
49,調のある,0,0,0
49,優雅な,0,0,0
49,気品のある,0,0,0
49,合理的な,0,0,0
49,nation,,,
49,hometown,,,
50,favorite,109,69,139
50,朝(morning),11,10,23
50,昼(midday),9,31,21
50,夕(sunset),54,139,126
50,夜(night),96,153,137
50,春(spring),12,18,19
50,夏(summer),21,68,70
50,秋(autumn),94,109,133
50,冬(winter),134,13,152
50,愛らしい,0,0,0
50,楽しい,0,0,0
50,豪華な,0,0,0
50,素朴な,0,0,0
50,味わい深い,0,0,0
50,調のある,0,0,0
50,優雅な,0,0,0
50,気品のある,0,0,0
50,合理的な,0,0,0
50,nation,,,
50,hometown,,,
51,favorite,10,52,36
51,朝(morning),41,34,85
51,昼(midday),53,74,98
51,夕(sunset),107,54,14
51,夜(night),140,70,130
51,春(spring),14,20,31
51,夏(summer),73,59,53
51,秋(autumn),54,120,102
51,冬(winter),13,9,52
51,愛らしい,14,11,21
51,楽しい,42,40,34
51,豪華な,53,118,130
51,素朴な,94,150,149
51,味わい深い,150,107,134
51,調のある,152,153,130
51,優雅な,118,141,155
51,気品のある,145,152,154
51,合理的な,127,139,137
51,nation,,,
51,hometown,,,
52,favorite,23,23,31
52,朝(morning),60,60,13
52,昼(midday),34,34,13
52,夕(sunset),68,68,69
52,夜(night),143,143,130
52,春(spring),12,12,38
52,夏(summer),60,60,75
52,秋(autumn),95,95,82
52,冬(winter),13,13,92
52,愛らしい,51,51,31
52,楽しい,68,68,57
52,豪華な,156,156,115
52,素朴な,135,135,122
52,味わい深い,146,146,148
52,調のある,143,143,149
52,優雅な,33,33,35
52,気品のある,128,128,131
52,合理的な,113,113,128
52,nation,115,,
52,hometown,0,,
53,favorite,79,47,156
53,朝(morning),41,42,43
53,昼(midday),43,68,40
53,夕(sunset),95,81,80
53,夜(night),140,114,104
53,春(spring),25,27,29
53,夏(summer),86,74,70
53,秋(autumn),81,105,80
53,冬(winter),79,111,76
53,愛らしい,14,27,38
53,楽しい,70,60,46
53,豪華な,44,76,77
53,素朴な,131,133,135
53,味わい深い,131,133,146
53,調のある,107,108,119
53,優雅な,63,89,103
53,気品のある,94,119,115
53,合理的な,92,93,81
53,nation,,,
53,hometown,,,
54,favorite,75,64,70
54,朝(morning),16,14,18
54,昼(midday),54,57,27
54,夕(sunset),27,68,43
54,夜(night),101,104,39
54,春(spring),12,14,18
54,夏(summer),61,62,57
54,秋(autumn),54,69,97
54,冬(winter),73,39,62
54,愛らしい,0,0,0
54,楽しい,0,0,0
54,豪華な,0,0,0
54,素朴な,0,0,0
54,味わい深い,0,0,0
54,調のある,0,0,0
54,優雅な,0,0,0
54,気品のある,0,0,0
54,合理的な,0,0,0
54,nation,,,
54,hometown,,,
55,favorite,77,85,156
55,朝(morning),53,31,42
55,昼(midday),46,67,41
55,夕(sunset),93,112,146
55,夜(night),140,156,150
55,春(spring),25,5,1
55,夏(summer),75,77,70
55,秋(autumn),108,135,145
55,冬(winter),13,156,140
55,愛らしい,25,3,20
55,楽しい,70,66,60
55,豪華な,24,10,70
55,素朴な,2,6,5
55,味わい深い,108,18,81
55,調のある,95,153,31
55,優雅な,24,89,23
55,気品のある,115,8,10
55,合理的な,156,104,153
55,nation,,,
55,hometown,,,
56,favorite,57,56,13
56,朝(morning),21,29,8
56,昼(midday),60,13,67
56,夕(sunset),15,28,80
56,夜(night),143,44,130
56,春(spring),25,18,20
56,夏(summer),66,73,98
56,秋(autumn),111,94,93
56,冬(winter),21,99,60
56,愛らしい,12,25,38
56,楽しい,29,42,68
56,豪華な,63,50,70
56,素朴な,137,117,91
56,味わい深い,94,95,96
56,調のある,128,83,105
56,優雅な,105,83,82
56,気品のある,50,89,115
56,合理的な,74,49,88
56,nation,,,
56,hometown,,,
57,favorite,49,156,40
57,朝(morning),22,23,41
57,昼(midday),70,67,41
57,夕(sunset),53,49,54
57,夜(night),156,153,101
57,春(spring),25,14,20
57,夏(summer),69,85,67
57,秋(autumn),106,131,136
57,冬(winter),22,26,10
57,愛らしい,25,77,27
57,楽しい,67,60,70
57,豪華な,156,118,95
57,素朴な,135,134,19
57,味わい深い,94,153,105
57,調のある,156,118,52
57,優雅な,26,127,128
57,気品のある,118,126,156
57,合理的な,34,112,88
57,nation,,,
57,hometown,,,
58,favorite,92,13,112
58,朝(morning),55,5,47
58,昼(midday),67,9,87
58,夕(sunset),129,92,93
58,夜(night),153,141,70
58,春(spring),25,24,19
58,夏(summer),46,73,67
58,秋(autumn),94,93,118
58,冬(winter),153,151,13
58,愛らしい,25,13,24
58,楽しい,53,57,54
58,豪華な,105,82,128
58,素朴な,91,39,26
58,味わい深い,131,154,151
58,調のある,127,23,10
58,優雅な,102,116,82
58,気品のある,63,103,97
58,合理的な,113,9,23
58,nation,,,
58,hometown,,,
43,favorite,156,100,107
43,朝(morning),16,2,34
43,昼(midday),41,18,61
43,夕(sunset),60,36,88
43,夜(night),13,31,140
43,春(spring),12,25,7
43,夏(summer),87,14,86
43,秋(autumn),81,102,94
43,冬(winter),13,66,85
43,愛らしい,0,0,0
43,楽しい,0,0,0
43,豪華な,0,0,0
43,素朴な,0,0,0
43,味わい深い,0,0,0
43,調のある,0,0,0
43,優雅な,0,0,0
43,気品のある,0,0,0
43,合理的な,0,0,0
43,nation,0,0,0
43,hometown,0,0,0
44,favorite,68,47,13
44,朝(morning),29,18,19
44,昼(midday),41,57,46
44,夕(sunset),81,80,52
44,夜(night),140,104,91
44,春(spring),14,17,27
44,夏(summer),47,40,54
44,秋(autumn),124,94,90
44,冬(winter),116,116,13
44,愛らしい,31,16,14
44,楽しい,54,40,34
44,豪華な,77,44,79
44,素朴な,22,19,10
44,味わい深い,115,135,122
44,調のある,44,68,79
44,優雅な,116,13,125
44,気品のある,26,19,15
44,合理的な,56,28,24
44,nation,40,0,0
44,hometown,46,0,0